{
  "sz300750:volume_anomaly": 1782465432.1385262,
  "sh600030:volume_anomaly": 1782465432.1385343,
  "sz002594:volume_anomaly": 1783061720.063093,
  "sz300760:volume_anomaly": 1782465432.138548,
  "sh601318:volume_anomaly": 1782465432.1385548,
  "sz300308:volume_anomaly": 1784008238.292217,
  "sz300418:volume_anomaly": 1784008238.2922235,
  "sz002475:volume_anomaly": 1783925125.3983965,
  "sz300014:volume_anomaly": 1783925125.3984034,
  "sh603501:volume_anomaly": 1783577369.8288584,
  "sz002230:volume_anomaly": 1782465432.1385953,
  "sz300033:volume_anomaly": 1782465432.1386027,
  "sz002460:volume_anomaly": 1782465432.1386096,
  "sz300124:volume_anomaly": 1782465432.1386178,
  "sh601888:volume_anomaly": 1782465432.1386292,
  "sz300759:volume_anomaly": 1782724356.547476,
  "sz300454:volume_anomaly": 1782806117.009891,
  "sz002812:volume_anomaly": 1782465432.1386414,
  "sz002241:volume_anomaly": 1782806117.0098975,
  "sz300059:volume_anomaly": 1782465432.1386535,
  "sz000977:volume_anomaly": 1782806117.0099118,
  "sh688235:volume_anomaly": 1782465432.1386642,
  "sh688256:volume_anomaly": 1783909527.8840795,
  "sh688041:volume_anomaly": 1782800129.598065,
  "sh688111:volume_anomaly": 1782724356.5475018,
  "sh688012:volume_anomaly": 1783925125.3984332,
  "sz300496:volume_anomaly": 1782465432.1386828,
  "sh688390:volume_anomaly": 1784008238.2922466,
  "sz300476:volume_anomaly": 1782805515.8949943,
  "sz300502:volume_anomaly": 1783577369.8288467,
  "sz300782:volume_anomaly": 1782806117.0099394,
  "sz300661:volume_anomaly": 1783925125.3984215,
  "sz300474:volume_anomaly": 1782805515.895015,
  "sz002236:volume_anomaly": 1782465432.138711,
  "sh600745:volume_anomaly": 1782806117.0099566,
  "sh000300:index_anomaly": 1783920330.2955973,
  "sz399006:index_anomaly": 1784008238.2922876,
  "sh000001:index_anomaly": 1783925125.3984833,
  "sh600276:volume_anomaly": 1782724356.5474312,
  "sz002371:volume_anomaly": 1783577369.8288164,
  "sh603259:volume_anomaly": 1782724356.5474586,
  "sz300347:volume_anomaly": 1782724356.547463,
  "sz002008:volume_anomaly": 1783992940.6874619,
  "sz300433:volume_anomaly": 1783925125.398417,
  "sz000625:volume_anomaly": 1782724356.5474906,
  "sh688235:limit_up": 1782724356.5474968,
  "sh688012:limit_up": 1782724356.547506,
  "sh600519:limit_down": 1782868582.5908372,
  "sz300750:limit_down": 1782868582.5908465,
  "sh600030:limit_down": 1782868582.5908515,
  "sz000333:limit_down": 1782868582.5908551,
  "sz002594:limit_down": 1782868582.5908592,
  "sz000858:limit_down": 1782868582.5908704,
  "sz300760:limit_down": 1782868582.5908737,
  "sh601899:limit_down": 1782868582.5908766,
  "sh601318:limit_down": 1782868582.59089,
  "sh600309:limit_down": 1782868582.5908933,
  "sh600036:limit_down": 1782868582.5908964,
  "sz300308:limit_down": 1782868582.5909033,
  "sz300418:limit_down": 1782868582.5909066,
  "sz002475:limit_down": 1782868582.59091,
  "sz300014:limit_down": 1782868582.590913,
  "sh603501:limit_down": 1782868582.5909169,
  "sz002230:limit_down": 1782868582.5909202,
  "sz300033:limit_down": 1782868582.5909233,
  "sz002460:limit_down": 1782868582.5909264,
  "sz002371:limit_down": 1782974786.8546135,
  "sz300347:limit_down": 1782868582.590935,
  "sz300124:limit_down": 1782868582.5909383,
  "sz002008:limit_down": 1783925125.3983858,
  "sh600999:limit_down": 1782868582.5909472,
  "sz300759:limit_down": 1782868582.5909495,
  "sz300454:limit_down": 1782868582.5909524,
  "sz002812:limit_down": 1782868582.5909555,
  "sz300433:limit_down": 1782868582.5909584,
  "sz002241:limit_down": 1782868582.5909612,
  "sz002142:limit_down": 1782868582.590964,
  "sz300059:limit_down": 1782868582.5909667,
  "sh601633:limit_down": 1782868582.5909698,
  "sh600438:limit_down": 1782868582.5909755,
  "sh603019:limit_down": 1782868582.5909784,
  "sz000977:limit_down": 1782868582.590985,
  "sz002179:limit_down": 1782868582.5909877,
  "sz000625:limit_down": 1782868582.5909905,
  "sh688235:limit_down": 1782868582.5909934,
  "sh688256:limit_down": 1782868582.5909967,
  "sh688111:limit_down": 1782868582.5910027,
  "sz300496:limit_down": 1782868582.5910082,
  "sz300223:limit_down": 1783925125.398409,
  "sz002151:limit_down": 1782868582.59102,
  "sz300045:limit_down": 1782868582.5910232,
  "sz300476:limit_down": 1782868582.5910256,
  "sz300502:limit_down": 1782974786.8546457,
  "sz300638:limit_down": 1782868582.5910313,
  "sz300682:limit_down": 1782868582.5910342,
  "sz300782:limit_down": 1782868582.5910552,
  "sh688036:limit_down": 1782868582.5910604,
  "sz300661:limit_down": 1782868582.591065,
  "sz300474:limit_down": 1782868582.59107,
  "sz002236:limit_down": 1782868582.5910745,
  "sz300413:limit_down": 1782868582.59108,
  "sh603444:limit_down": 1782868582.591085,
  "sz002405:limit_down": 1782868582.5910897,
  "sz300144:limit_down": 1782868582.591093,
  "sz300003:limit_down": 1782868582.5910966,
  "sh600276:limit_down": 1782868582.590863,
  "sh600887:limit_down": 1782868582.5908668,
  "sh601012:limit_down": 1782868582.5908864,
  "sh601288:limit_down": 1782868582.5909,
  "sh603259:limit_down": 1782868582.5909321,
  "sh601888:limit_down": 1782868582.5909443,
  "sh600588:limit_down": 1782868582.5909817,
  "sh688041:limit_down": 1782868582.5909996,
  "sh688012:limit_down": 1782974786.8546376,
  "sh688599:limit_down": 1782868582.591014,
  "sh688390:limit_down": 1782868582.5910172,
  "sh600745:limit_down": 1782868582.5910997,
  "sh600309:volume_anomaly": 1782801982.2330859,
  "sh603019:volume_anomaly": 1782805515.8949697,
  "sh603019:limit_up": 1782806117.0099068,
  "sz300474:limit_up": 1782806117.009949,
  "sz300476:limit_up": 1782806117.0099292,
  "sz002008:limit_up": 1782795324.4243412,
  "sz002179:volume_anomaly": 1782796519.71867,
  "sz300223:limit_up": 1783061720.0631013,
  "sz300033:limit_up": 1782883516.9596946,
  "sh600999:limit_up": 1782884135.6833491,
  "sz300661:limit_up": 1782968727.0599623,
  "sz300418:limit_up": 1782974786.8546002,
  "sh601899:volume_anomaly": 1783061720.0631196,
  "sz000725:volume_anomaly": 1784097771.4793153,
  "sz300223:volume_anomaly": 1784097771.4793348,
  "sh600809:volume_anomaly": 1784097771.4793546,
  "sz000725:limit_down": 1783925125.3983746,
  "sz300502:limit_up": 1784008238.2922313
}