{
  "sz300750:volume_anomaly": 1782465432.1385262,
  "sh600030:volume_anomaly": 1782465432.1385343,
  "sz002594:volume_anomaly": 1782465432.1385412,
  "sz300760:volume_anomaly": 1782465432.138548,
  "sh601318:volume_anomaly": 1782465432.1385548,
  "sz300308:volume_anomaly": 1782465432.1385639,
  "sz300418:volume_anomaly": 1782465432.1385698,
  "sz002475:volume_anomaly": 1782465432.1385767,
  "sz300014:volume_anomaly": 1782465432.1385832,
  "sh603501:volume_anomaly": 1782465432.1385891,
  "sz002230:volume_anomaly": 1782465432.1385953,
  "sz300033:volume_anomaly": 1782465432.1386027,
  "sz002460:volume_anomaly": 1782465432.1386096,
  "sz300124:volume_anomaly": 1782465432.1386178,
  "sh601888:volume_anomaly": 1782465432.1386292,
  "sz300759:volume_anomaly": 1782465432.1386337,
  "sz300454:volume_anomaly": 1782465432.1386375,
  "sz002812:volume_anomaly": 1782465432.1386414,
  "sz002241:volume_anomaly": 1782465432.1386466,
  "sz300059:volume_anomaly": 1782465432.1386535,
  "sz000977:volume_anomaly": 1782465432.1386595,
  "sh688235:volume_anomaly": 1782465432.1386642,
  "sh688256:volume_anomaly": 1782465432.1386683,
  "sh688041:volume_anomaly": 1782465432.1386716,
  "sh688111:volume_anomaly": 1782465432.1386752,
  "sh688012:volume_anomaly": 1782465432.1386788,
  "sz300496:volume_anomaly": 1782465432.1386828,
  "sh688390:volume_anomaly": 1782465432.1386874,
  "sz300476:volume_anomaly": 1782465432.1386926,
  "sz300502:volume_anomaly": 1782465432.138696,
  "sz300782:volume_anomaly": 1782465432.1387002,
  "sz300661:volume_anomaly": 1782465432.138704,
  "sz300474:volume_anomaly": 1782465432.1387076,
  "sz002236:volume_anomaly": 1782465432.138711,
  "sh600745:volume_anomaly": 1782465432.138717,
  "sh000300:index_anomaly": 1782658928.381993,
  "sz399006:index_anomaly": 1782658928.382001,
  "sh000001:index_anomaly": 1782658928.3820055
}